sample,arabinose,AHL,fluo,time,mean,sd
Heterogenous_offsite,0,0,GFP,16.66666667,39563.8876,4917.913872
Heterogenous_offsite,0,0,mKate,16.66666667,281.0133003,81.41184923
Heterogenous_offsite,0,0.0015625,GFP,16.66666667,54299.03089,34430.7899
Heterogenous_offsite,0,0.0015625,mKate,16.66666667,315.5784343,110.6316653
Heterogenous_offsite,0,0.00625,GFP,16.66666667,32624.36156,2320.302021
Heterogenous_offsite,0,0.00625,mKate,16.66666667,606.5126891,223.6909481
Heterogenous_offsite,0,0.025,GFP,16.66666667,24409.47024,1783.612065
Heterogenous_offsite,0,0.025,mKate,16.66666667,2376.865097,1418.823885
Heterogenous_offsite,0,0.1,GFP,16.66666667,16315.65667,2455.420569
Heterogenous_offsite,0,0.1,mKate,16.66666667,3297.158672,2626.06809
Heterogenous_offsite,0,10,GFP,16.66666667,6794.721546,715.4752237
Heterogenous_offsite,0,10,mKate,16.66666667,1508.656078,1430.701602
Heterogenous_offsite,0.0000002,0,GFP,16.66666667,38570.94386,4547.223183
Heterogenous_offsite,0.0000002,0,mKate,16.66666667,257.434278,93.49094043
Heterogenous_offsite,0.0000002,0.0015625,GFP,16.66666667,44970.57118,21351.58783
Heterogenous_offsite,0.0000002,0.0015625,mKate,16.66666667,277.6272149,92.25383197
Heterogenous_offsite,0.0000002,0.00625,GFP,16.66666667,38863.07207,13556.88053
Heterogenous_offsite,0.0000002,0.00625,mKate,16.66666667,523.9370537,159.7336663
Heterogenous_offsite,0.0000002,0.025,GFP,16.66666667,23268.96353,1727.077718
Heterogenous_offsite,0.0000002,0.025,mKate,16.66666667,2020.936428,1070.80532
Heterogenous_offsite,0.0000002,0.1,GFP,16.66666667,15066.92369,3697.451151
Heterogenous_offsite,0.0000002,0.1,mKate,16.66666667,2668.79627,1452.642795
Heterogenous_offsite,0.0000002,10,GFP,16.66666667,9420.159953,4663.140995
Heterogenous_offsite,0.0000002,10,mKate,16.66666667,1631.532155,1707.82337
Heterogenous_offsite,0.000002,0,GFP,16.66666667,41134.30194,6507.161636
Heterogenous_offsite,0.000002,0,mKate,16.66666667,245.0147567,71.1769736
Heterogenous_offsite,0.000002,0.0015625,GFP,16.66666667,44853.50372,19585.68771
Heterogenous_offsite,0.000002,0.0015625,mKate,16.66666667,252.5906484,81.0362074
Heterogenous_offsite,0.000002,0.00625,GFP,16.66666667,30990.6704,2892.112822
Heterogenous_offsite,0.000002,0.00625,mKate,16.66666667,474.6841521,162.3335009
Heterogenous_offsite,0.000002,0.025,GFP,16.66666667,23252.61669,1565.827386
Heterogenous_offsite,0.000002,0.025,mKate,16.66666667,1833.559902,910.3521352
Heterogenous_offsite,0.000002,0.1,GFP,16.66666667,15760.56785,3684.574393
Heterogenous_offsite,0.000002,0.1,mKate,16.66666667,3371.472367,2267.073554
Heterogenous_offsite,0.000002,10,GFP,16.66666667,5711.026059,2477.554494
Heterogenous_offsite,0.000002,10,mKate,16.66666667,1711.163374,1532.836943
Heterogenous_offsite,0.00002,0,GFP,16.66666667,78082.90513,22290.09488
Heterogenous_offsite,0.00002,0,mKate,16.66666667,275.5934244,83.63497318
Heterogenous_offsite,0.00002,0.0015625,GFP,16.66666667,68992.9092,24768.45786
Heterogenous_offsite,0.00002,0.0015625,mKate,16.66666667,262.1315697,78.48355407
Heterogenous_offsite,0.00002,0.00625,GFP,16.66666667,45079.87985,12056.76119
Heterogenous_offsite,0.00002,0.00625,mKate,16.66666667,469.7449631,112.8542243
Heterogenous_offsite,0.00002,0.025,GFP,16.66666667,24387.91299,1174.792821
Heterogenous_offsite,0.00002,0.025,mKate,16.66666667,1821.873285,906.7941921
Heterogenous_offsite,0.00002,0.1,GFP,16.66666667,15216.48894,2779.056556
Heterogenous_offsite,0.00002,0.1,mKate,16.66666667,2819.884561,1714.976206
Heterogenous_offsite,0.00002,10,GFP,16.66666667,10269.83914,3888.918995
Heterogenous_offsite,0.00002,10,mKate,16.66666667,640.9433596,539.638467
Heterogenous_offsite,0.0002,0,GFP,16.66666667,117821.6235,16651.3244
Heterogenous_offsite,0.0002,0,mKate,16.66666667,328.6866774,98.33044924
Heterogenous_offsite,0.0002,0.0015625,GFP,16.66666667,101922.4653,16033.68334
Heterogenous_offsite,0.0002,0.0015625,mKate,16.66666667,305.0257778,98.72129845
Heterogenous_offsite,0.0002,0.00625,GFP,16.66666667,79325.76623,15332.40424
Heterogenous_offsite,0.0002,0.00625,mKate,16.66666667,556.7776603,183.2605481
Heterogenous_offsite,0.0002,0.025,GFP,16.66666667,30129.05741,3536.698884
Heterogenous_offsite,0.0002,0.025,mKate,16.66666667,1943.374138,974.3614073
Heterogenous_offsite,0.0002,0.1,GFP,16.66666667,15449.28615,3071.469927
Heterogenous_offsite,0.0002,0.1,mKate,16.66666667,3361.430403,1923.956976
Heterogenous_offsite,0.0002,10,GFP,16.66666667,6213.062015,2986.706312
Heterogenous_offsite,0.0002,10,mKate,16.66666667,902.6010144,447.7264819
Heterogenous_offsite,0.002,0,GFP,16.66666667,122699.5136,16837.95313
Heterogenous_offsite,0.002,0,mKate,16.66666667,337.7186218,94.84295683
Heterogenous_offsite,0.002,0.0015625,GFP,16.66666667,107078.3578,15491.68386
Heterogenous_offsite,0.002,0.0015625,mKate,16.66666667,313.2121062,115.475809
Heterogenous_offsite,0.002,0.00625,GFP,16.66666667,81140.76665,12311.58165
Heterogenous_offsite,0.002,0.00625,mKate,16.66666667,568.6696065,239.5881513
Heterogenous_offsite,0.002,0.025,GFP,16.66666667,29213.82945,4900.016491
Heterogenous_offsite,0.002,0.025,mKate,16.66666667,2045.628918,1022.209011
Heterogenous_offsite,0.002,0.1,GFP,16.66666667,14440.27221,2142.748243
Heterogenous_offsite,0.002,0.1,mKate,16.66666667,3778.947646,2337.98377
Heterogenous_offsite,0.002,10,GFP,16.66666667,10617.2901,3308.561176
Heterogenous_offsite,0.002,10,mKate,16.66666667,1350.179001,1896.077976
Heterogenous_offsite,0.02,0,GFP,16.66666667,118683.3058,18198.87451
Heterogenous_offsite,0.02,0,mKate,16.66666667,341.062908,85.29248511
Heterogenous_offsite,0.02,0.0015625,GFP,16.66666667,102200.784,22326.8827
Heterogenous_offsite,0.02,0.0015625,mKate,16.66666667,363.1961056,29.59273689
Heterogenous_offsite,0.02,0.00625,GFP,16.66666667,77851.37768,16769.34267
Heterogenous_offsite,0.02,0.00625,mKate,16.66666667,657.1166748,170.2544104
Heterogenous_offsite,0.02,0.025,GFP,16.66666667,28083.10169,5421.420189
Heterogenous_offsite,0.02,0.025,mKate,16.66666667,2192.668344,1049.040551
Heterogenous_offsite,0.02,0.1,GFP,16.66666667,14273.01079,2437.110513
Heterogenous_offsite,0.02,0.1,mKate,16.66666667,3887.243904,2473.043358
Heterogenous_offsite,0.02,10,GFP,16.66666667,7951.795166,2712.201641
Heterogenous_offsite,0.02,10,mKate,16.66666667,1210.698308,452.1659045
Heterogenous_offsite,0.2,0,GFP,16.66666667,118569.4651,11987.42704
Heterogenous_offsite,0.2,0,mKate,16.66666667,433.3389105,142.2564511
Heterogenous_offsite,0.2,0.0015625,GFP,16.66666667,107224.4861,13144.86878
Heterogenous_offsite,0.2,0.0015625,mKate,16.66666667,415.7970047,136.4227565
Heterogenous_offsite,0.2,0.00625,GFP,16.66666667,79186.10956,9027.926953
Heterogenous_offsite,0.2,0.00625,mKate,16.66666667,833.3953003,319.0983755
Heterogenous_offsite,0.2,0.025,GFP,16.66666667,27284.04539,4571.263307
Heterogenous_offsite,0.2,0.025,mKate,16.66666667,2853.564324,1397.371153
Heterogenous_offsite,0.2,0.1,GFP,16.66666667,14064.12612,2444.470317
Heterogenous_offsite,0.2,0.1,mKate,16.66666667,4095.338295,2509.072086
Heterogenous_offsite,0.2,10,GFP,16.66666667,6318.08156,536.8665887
Heterogenous_offsite,0.2,10,mKate,16.66666667,2139.431072,1321.915841
Heterogenous_onsite,0,0,GFP,16.66666667,15111.08411,1407.038813
Heterogenous_onsite,0,0,mKate,16.66666667,285.3105715,219.0166911
Heterogenous_onsite,0,0.0015625,GFP,16.66666667,15061.12839,1339.077714
Heterogenous_onsite,0,0.0015625,mKate,16.66666667,247.5851153,123.1307269
Heterogenous_onsite,0,0.00625,GFP,16.66666667,14012.84321,1245.063784
Heterogenous_onsite,0,0.00625,mKate,16.66666667,473.4814681,186.6028857
Heterogenous_onsite,0,0.025,GFP,16.66666667,9932.713615,424.7432742
Heterogenous_onsite,0,0.025,mKate,16.66666667,1762.205771,1085.548202
Heterogenous_onsite,0,0.1,GFP,16.66666667,7476.287413,371.7762283
Heterogenous_onsite,0,0.1,mKate,16.66666667,3580.020727,2294.507502
Heterogenous_onsite,0,10,GFP,16.66666667,8477.601404,6227.229857
Heterogenous_onsite,0,10,mKate,16.66666667,1148.593448,522.297174
Heterogenous_onsite,0.0000002,0,GFP,16.66666667,15032.4494,1703.651765
Heterogenous_onsite,0.0000002,0,mKate,16.66666667,170.603409,90.11103016
Heterogenous_onsite,0.0000002,0.0015625,GFP,16.66666667,14928.21072,1608.252452
Heterogenous_onsite,0.0000002,0.0015625,mKate,16.66666667,186.5878356,81.24143099
Heterogenous_onsite,0.0000002,0.00625,GFP,16.66666667,13748.24772,1119.170737
Heterogenous_onsite,0.0000002,0.00625,mKate,16.66666667,361.9256529,134.2535222
Heterogenous_onsite,0.0000002,0.025,GFP,16.66666667,9722.111381,1009.639282
Heterogenous_onsite,0.0000002,0.025,mKate,16.66666667,1524.185449,703.358533
Heterogenous_onsite,0.0000002,0.1,GFP,16.66666667,7430.452782,307.4865965
Heterogenous_onsite,0.0000002,0.1,mKate,16.66666667,3291.895337,2176.580456
Heterogenous_onsite,0.0000002,10,GFP,16.66666667,7937.084405,6275.104159
Heterogenous_onsite,0.0000002,10,mKate,16.66666667,1344.627829,1102.651471
Heterogenous_onsite,0.000002,0,GFP,16.66666667,15167.19231,1609.58385
Heterogenous_onsite,0.000002,0,mKate,16.66666667,159.1154838,70.99101442
Heterogenous_onsite,0.000002,0.0015625,GFP,16.66666667,14954.62971,1717.44688
Heterogenous_onsite,0.000002,0.0015625,mKate,16.66666667,165.5676913,72.15339714
Heterogenous_onsite,0.000002,0.00625,GFP,16.66666667,13687.66518,1179.457966
Heterogenous_onsite,0.000002,0.00625,mKate,16.66666667,342.9227126,97.49530222
Heterogenous_onsite,0.000002,0.025,GFP,16.66666667,10064.90569,762.6311322
Heterogenous_onsite,0.000002,0.025,mKate,16.66666667,1375.959525,675.9990469
Heterogenous_onsite,0.000002,0.1,GFP,16.66666667,7833.872386,929.0927028
Heterogenous_onsite,0.000002,0.1,mKate,16.66666667,3236.569571,2301.590655
Heterogenous_onsite,0.000002,10,GFP,16.66666667,11874.40034,7992.307853
Heterogenous_onsite,0.000002,10,mKate,16.66666667,839.7598429,588.3759045
Heterogenous_onsite,0.00002,0,GFP,16.66666667,14903.51419,1691.420552
Heterogenous_onsite,0.00002,0,mKate,16.66666667,156.7663273,63.25046632
Heterogenous_onsite,0.00002,0.0015625,GFP,16.66666667,14964.37785,1858.57658
Heterogenous_onsite,0.00002,0.0015625,mKate,16.66666667,170.9462091,71.37886199
Heterogenous_onsite,0.00002,0.00625,GFP,16.66666667,13773.29303,1360.848218
Heterogenous_onsite,0.00002,0.00625,mKate,16.66666667,319.8322328,118.5216879
Heterogenous_onsite,0.00002,0.025,GFP,16.66666667,10289.8632,661.3847713
Heterogenous_onsite,0.00002,0.025,mKate,16.66666667,1389.260344,707.0182367
Heterogenous_onsite,0.00002,0.1,GFP,16.66666667,8397.416531,1888.137919
Heterogenous_onsite,0.00002,0.1,mKate,16.66666667,3077.962749,2341.898597
Heterogenous_onsite,0.00002,10,GFP,16.66666667,9026.007068,5277.43002
Heterogenous_onsite,0.00002,10,mKate,16.66666667,730.8935204,396.8808856
Heterogenous_onsite,0.0002,0,GFP,16.66666667,17200.03934,2293.750519
Heterogenous_onsite,0.0002,0,mKate,16.66666667,161.098812,62.54599376
Heterogenous_onsite,0.0002,0.0015625,GFP,16.66666667,16253.18539,2882.002453
Heterogenous_onsite,0.0002,0.0015625,mKate,16.66666667,203.9836658,44.28612761
Heterogenous_onsite,0.0002,0.00625,GFP,16.66666667,14686.06697,1870.076234
Heterogenous_onsite,0.0002,0.00625,mKate,16.66666667,340.7613104,110.7547627
Heterogenous_onsite,0.0002,0.025,GFP,16.66666667,10652.20266,784.5937577
Heterogenous_onsite,0.0002,0.025,mKate,16.66666667,1406.446611,713.4025537
Heterogenous_onsite,0.0002,0.1,GFP,16.66666667,8876.292457,2002.491862
Heterogenous_onsite,0.0002,0.1,mKate,16.66666667,3070.249904,2137.110278
Heterogenous_onsite,0.0002,10,GFP,16.66666667,9019.843548,3921.127389
Heterogenous_onsite,0.0002,10,mKate,16.66666667,936.6697384,141.4366934
Heterogenous_onsite,0.002,0,GFP,16.66666667,17794.72036,2819.87819
Heterogenous_onsite,0.002,0,mKate,16.66666667,153.44407,81.89681086
Heterogenous_onsite,0.002,0.0015625,GFP,16.66666667,17088.26698,2541.07627
Heterogenous_onsite,0.002,0.0015625,mKate,16.66666667,161.0990403,78.16756149
Heterogenous_onsite,0.002,0.00625,GFP,16.66666667,15071.75614,2151.805671
Heterogenous_onsite,0.002,0.00625,mKate,16.66666667,346.8010659,128.6522702
Heterogenous_onsite,0.002,0.025,GFP,16.66666667,11788.36051,1391.08935
Heterogenous_onsite,0.002,0.025,mKate,16.66666667,1438.182119,732.2012662
Heterogenous_onsite,0.002,0.1,GFP,16.66666667,8909.31713,1463.296523
Heterogenous_onsite,0.002,0.1,mKate,16.66666667,3412.692663,2383.698707
Heterogenous_onsite,0.002,10,GFP,16.66666667,11236.33947,5347.913353
Heterogenous_onsite,0.002,10,mKate,16.66666667,1149.510157,784.064043
Heterogenous_onsite,0.02,0,GFP,16.66666667,19544.99623,3276.042561
Heterogenous_onsite,0.02,0,mKate,16.66666667,168.9312,92.73250582
Heterogenous_onsite,0.02,0.0015625,GFP,16.66666667,18729.91252,3093.919646
Heterogenous_onsite,0.02,0.0015625,mKate,16.66666667,190.3507616,97.2054161
Heterogenous_onsite,0.02,0.00625,GFP,16.66666667,16179.23376,2816.261213
Heterogenous_onsite,0.02,0.00625,mKate,16.66666667,385.7828445,124.9279329
Heterogenous_onsite,0.02,0.025,GFP,16.66666667,12139.44768,1434.9116
Heterogenous_onsite,0.02,0.025,mKate,16.66666667,1643.986,866.1882912
Heterogenous_onsite,0.02,0.1,GFP,16.66666667,8647.537924,611.7841098
Heterogenous_onsite,0.02,0.1,mKate,16.66666667,3841.865023,2619.36626
Heterogenous_onsite,0.02,10,GFP,16.66666667,8303.610733,2581.794662
Heterogenous_onsite,0.02,10,mKate,16.66666667,1326.478835,962.9323871
Heterogenous_onsite,0.2,0,GFP,16.66666667,21256.1295,3350.517936
Heterogenous_onsite,0.2,0,mKate,16.66666667,226.2376938,99.15805439
Heterogenous_onsite,0.2,0.0015625,GFP,16.66666667,20166.32614,3633.981438
Heterogenous_onsite,0.2,0.0015625,mKate,16.66666667,264.0089442,107.9379033
Heterogenous_onsite,0.2,0.00625,GFP,16.66666667,17174.56748,2843.211215
Heterogenous_onsite,0.2,0.00625,mKate,16.66666667,583.321116,268.5546064
Heterogenous_onsite,0.2,0.025,GFP,16.66666667,12503.79529,1892.038186
Heterogenous_onsite,0.2,0.025,mKate,16.66666667,2156.884661,1195.777338
Heterogenous_onsite,0.2,0.1,GFP,16.66666667,9187.213593,936.8483189
Heterogenous_onsite,0.2,0.1,mKate,16.66666667,4254.359774,3131.545851
Heterogenous_onsite,0.2,10,GFP,16.66666667,6344.50976,2230.162173
Heterogenous_onsite,0.2,10,mKate,16.66666667,1574.386684,676.8869694
Homogenous_offsite,0,0,GFP,16.66666667,67055.68106,11741.05254
Homogenous_offsite,0,0,mKate,16.66666667,88.99775177,48.03738162
Homogenous_offsite,0,0.0015625,GFP,16.66666667,108763.2092,40760.23661
Homogenous_offsite,0,0.0015625,mKate,16.66666667,77.26065346,38.09854879
Homogenous_offsite,0,0.00625,GFP,16.66666667,78793.91859,27759.60111
Homogenous_offsite,0,0.00625,mKate,16.66666667,96.15898538,62.6192593
Homogenous_offsite,0,0.025,GFP,16.66666667,51924.22997,12202.29405
Homogenous_offsite,0,0.025,mKate,16.66666667,231.3696239,125.8644098
Homogenous_offsite,0,0.1,GFP,16.66666667,31319.68411,10317.939
Homogenous_offsite,0,0.1,mKate,16.66666667,918.835474,656.5878748
Homogenous_offsite,0,10,GFP,16.66666667,14552.87514,5148.425885
Homogenous_offsite,0,10,mKate,16.66666667,2264.751754,2158.756625
Homogenous_offsite,0.0000002,0,GFP,16.66666667,66079.64407,11874.78187
Homogenous_offsite,0.0000002,0,mKate,16.66666667,80.49769623,46.83450112
Homogenous_offsite,0.0000002,0.0015625,GFP,16.66666667,97891.04648,34227.70982
Homogenous_offsite,0.0000002,0.0015625,mKate,16.66666667,74.70733763,45.31350714
Homogenous_offsite,0.0000002,0.00625,GFP,16.66666667,77328.34697,27541.01833
Homogenous_offsite,0.0000002,0.00625,mKate,16.66666667,78.66580008,55.38248001
Homogenous_offsite,0.0000002,0.025,GFP,16.66666667,51405.88655,13337.7689
Homogenous_offsite,0.0000002,0.025,mKate,16.66666667,190.8099761,115.4368686
Homogenous_offsite,0.0000002,0.1,GFP,16.66666667,30536.92527,10113.98023
Homogenous_offsite,0.0000002,0.1,mKate,16.66666667,787.3381245,538.0589305
Homogenous_offsite,0.0000002,10,GFP,16.66666667,14363.81175,5027.997782
Homogenous_offsite,0.0000002,10,mKate,16.66666667,2008.503745,1781.088296
Homogenous_offsite,0.000002,0,GFP,16.66666667,81455.24306,19175.70987
Homogenous_offsite,0.000002,0,mKate,16.66666667,75.67549707,45.9672781
Homogenous_offsite,0.000002,0.0015625,GFP,16.66666667,116692.5247,45332.3099
Homogenous_offsite,0.000002,0.0015625,mKate,16.66666667,77.10576482,46.82501462
Homogenous_offsite,0.000002,0.00625,GFP,16.66666667,90045.66718,25073.16316
Homogenous_offsite,0.000002,0.00625,mKate,16.66666667,78.78431594,54.38950471
Homogenous_offsite,0.000002,0.025,GFP,16.66666667,61213.12951,17974.49293
Homogenous_offsite,0.000002,0.025,mKate,16.66666667,172.4954412,93.5526603
Homogenous_offsite,0.000002,0.1,GFP,16.66666667,33272.03057,14163.74279
Homogenous_offsite,0.000002,0.1,mKate,16.66666667,745.9056746,507.8598862
Homogenous_offsite,0.000002,10,GFP,16.66666667,14324.79811,5213.806122
Homogenous_offsite,0.000002,10,mKate,16.66666667,1982.313271,1728.692786
Homogenous_offsite,0.00002,0,GFP,16.66666667,179793.7413,32598.68798
Homogenous_offsite,0.00002,0,mKate,16.66666667,92.03090393,55.43503487
Homogenous_offsite,0.00002,0.0015625,GFP,16.66666667,182449.8322,37269.27724
Homogenous_offsite,0.00002,0.0015625,mKate,16.66666667,85.44628761,45.30328224
Homogenous_offsite,0.00002,0.00625,GFP,16.66666667,177562.6077,39659.83427
Homogenous_offsite,0.00002,0.00625,mKate,16.66666667,88.00406673,50.90077233
Homogenous_offsite,0.00002,0.025,GFP,16.66666667,144863.0433,36547.98548
Homogenous_offsite,0.00002,0.025,mKate,16.66666667,190.1196853,108.2478074
Homogenous_offsite,0.00002,0.1,GFP,16.66666667,83315.2559,40292.88713
Homogenous_offsite,0.00002,0.1,mKate,16.66666667,717.1560081,504.9720792
Homogenous_offsite,0.00002,10,GFP,16.66666667,15219.47585,6455.881407
Homogenous_offsite,0.00002,10,mKate,16.66666667,2118.386002,1971.224805
Homogenous_offsite,0.0002,0,GFP,16.66666667,202180.1496,40307.2156
Homogenous_offsite,0.0002,0,mKate,16.66666667,94.6558658,44.67544819
Homogenous_offsite,0.0002,0.0015625,GFP,16.66666667,193643.8264,39702.2581
Homogenous_offsite,0.0002,0.0015625,mKate,16.66666667,86.66704337,43.38282847
Homogenous_offsite,0.0002,0.00625,GFP,16.66666667,192919.697,40449.79093
Homogenous_offsite,0.0002,0.00625,mKate,16.66666667,99.26513972,53.35345733
Homogenous_offsite,0.0002,0.025,GFP,16.66666667,182614.3193,41794.64374
Homogenous_offsite,0.0002,0.025,mKate,16.66666667,180.7699776,99.58846059
Homogenous_offsite,0.0002,0.1,GFP,16.66666667,137341.7724,43338.61406
Homogenous_offsite,0.0002,0.1,mKate,16.66666667,696.6467294,528.7107014
Homogenous_offsite,0.0002,10,GFP,16.66666667,29091.89398,24048.14879
Homogenous_offsite,0.0002,10,mKate,16.66666667,2247.135694,2071.236681
Homogenous_offsite,0.002,0,GFP,16.66666667,146965.7773,31033.03228
Homogenous_offsite,0.002,0,mKate,16.66666667,62.03111271,28.69659518
Homogenous_offsite,0.002,0.0015625,GFP,16.66666667,144449.8217,32084.06682
Homogenous_offsite,0.002,0.0015625,mKate,16.66666667,76.28227452,34.52878883
Homogenous_offsite,0.002,0.00625,GFP,16.66666667,141855.5068,31213.85846
Homogenous_offsite,0.002,0.00625,mKate,16.66666667,84.78634661,40.0193998
Homogenous_offsite,0.002,0.025,GFP,16.66666667,132798.2463,30294.03753
Homogenous_offsite,0.002,0.025,mKate,16.66666667,153.0280167,83.26943349
Homogenous_offsite,0.002,0.1,GFP,16.66666667,108474.3089,40829.02078
Homogenous_offsite,0.002,0.1,mKate,16.66666667,809.0903467,595.8162685
Homogenous_offsite,0.002,10,GFP,16.66666667,31075.24753,23572.44327
Homogenous_offsite,0.002,10,mKate,16.66666667,2038.278787,1827.76408
Homogenous_offsite,0.02,0,GFP,16.66666667,149577.2425,34252.33063
Homogenous_offsite,0.02,0,mKate,16.66666667,91.34098565,43.4789475
Homogenous_offsite,0.02,0.0015625,GFP,16.66666667,143517.1956,33187.81162
Homogenous_offsite,0.02,0.0015625,mKate,16.66666667,83.68882771,38.06295822
Homogenous_offsite,0.02,0.00625,GFP,16.66666667,139917.4765,33167.80298
Homogenous_offsite,0.02,0.00625,mKate,16.66666667,92.00783089,49.88486925
Homogenous_offsite,0.02,0.025,GFP,16.66666667,131630.8392,32650.19362
Homogenous_offsite,0.02,0.025,mKate,16.66666667,192.7585709,113.6463472
Homogenous_offsite,0.02,0.1,GFP,16.66666667,109481.845,41096.1227
Homogenous_offsite,0.02,0.1,mKate,16.66666667,819.8819969,653.4505793
Homogenous_offsite,0.02,10,GFP,16.66666667,31732.80538,25205.22052
Homogenous_offsite,0.02,10,mKate,16.66666667,2155.812123,2018.672897
Homogenous_offsite,0.2,0,GFP,16.66666667,149630.1882,32568.19516
Homogenous_offsite,0.2,0,mKate,16.66666667,102.4814387,56.9416371
Homogenous_offsite,0.2,0.0015625,GFP,16.66666667,146866.2229,33920.69525
Homogenous_offsite,0.2,0.0015625,mKate,16.66666667,88.78688965,44.85941539
Homogenous_offsite,0.2,0.00625,GFP,16.66666667,146015.9661,35262.04523
Homogenous_offsite,0.2,0.00625,mKate,16.66666667,113.9227207,58.99284891
Homogenous_offsite,0.2,0.025,GFP,16.66666667,142153.3439,37771.64757
Homogenous_offsite,0.2,0.025,mKate,16.66666667,284.4027985,205.16215
Homogenous_offsite,0.2,0.1,GFP,16.66666667,106085.2275,44465.92061
Homogenous_offsite,0.2,0.1,mKate,16.66666667,1129.015769,998.7727053
Homogenous_offsite,0.2,10,GFP,16.66666667,30184.69598,24306.28734
Homogenous_offsite,0.2,10,mKate,16.66666667,2322.268728,2312.016637
Homogenous_onsite,0,0,GFP,16.66666667,20799.66716,1160.435804
Homogenous_onsite,0,0,mKate,16.66666667,81.4040037,20.55638547
Homogenous_onsite,0,0.0015625,GFP,16.66666667,30749.87421,10144.82779
Homogenous_onsite,0,0.0015625,mKate,16.66666667,86.53673433,16.0160758
Homogenous_onsite,0,0.00625,GFP,16.66666667,19253.30536,2803.733306
Homogenous_onsite,0,0.00625,mKate,16.66666667,98.38604972,26.73401769
Homogenous_onsite,0,0.025,GFP,16.66666667,12848.17632,426.0170219
Homogenous_onsite,0,0.025,mKate,16.66666667,241.6023226,133.9629335
Homogenous_onsite,0,0.1,GFP,16.66666667,9695.661742,1860.616558
Homogenous_onsite,0,0.1,mKate,16.66666667,1063.794878,784.4144016
Homogenous_onsite,0,10,GFP,16.66666667,7373.143458,2319.250125
Homogenous_onsite,0,10,mKate,16.66666667,2641.742494,2342.933358
Homogenous_onsite,0.0000002,0,GFP,16.66666667,19139.72218,822.524936
Homogenous_onsite,0.0000002,0,mKate,16.66666667,70.21036089,16.91842777
Homogenous_onsite,0.0000002,0.0015625,GFP,16.66666667,25185.48123,5451.383784
Homogenous_onsite,0.0000002,0.0015625,mKate,16.66666667,68.66460221,16.10590613
Homogenous_onsite,0.0000002,0.00625,GFP,16.66666667,18407.02908,2803.07815
Homogenous_onsite,0.0000002,0.00625,mKate,16.66666667,80.84231609,19.83837847
Homogenous_onsite,0.0000002,0.025,GFP,16.66666667,12891.82014,363.9134192
Homogenous_onsite,0.0000002,0.025,mKate,16.66666667,189.2288855,104.619393
Homogenous_onsite,0.0000002,0.1,GFP,16.66666667,9752.579104,1388.682869
Homogenous_onsite,0.0000002,0.1,mKate,16.66666667,924.1202686,733.4942708
Homogenous_onsite,0.0000002,10,GFP,16.66666667,7396.81154,2271.8515
Homogenous_onsite,0.0000002,10,mKate,16.66666667,2492.027388,2186.206994
Homogenous_onsite,0.000002,0,GFP,16.66666667,20018.53985,1451.886117
Homogenous_onsite,0.000002,0,mKate,16.66666667,62.49886262,11.58651641
Homogenous_onsite,0.000002,0.0015625,GFP,16.66666667,25178.51655,5252.182227
Homogenous_onsite,0.000002,0.0015625,mKate,16.66666667,69.06017017,11.64125611
Homogenous_onsite,0.000002,0.00625,GFP,16.66666667,19119.41669,2730.205404
Homogenous_onsite,0.000002,0.00625,mKate,16.66666667,73.41001073,7.868702752
Homogenous_onsite,0.000002,0.025,GFP,16.66666667,13261.0896,201.590838
Homogenous_onsite,0.000002,0.025,mKate,16.66666667,179.9595519,105.9440891
Homogenous_onsite,0.000002,0.1,GFP,16.66666667,9841.054968,1263.445192
Homogenous_onsite,0.000002,0.1,mKate,16.66666667,857.3282726,715.0680958
Homogenous_onsite,0.000002,10,GFP,16.66666667,8654.932017,3386.177768
Homogenous_onsite,0.000002,10,mKate,16.66666667,2238.160298,2179.758814
Homogenous_onsite,0.00002,0,GFP,16.66666667,34753.38049,4604.733474
Homogenous_onsite,0.00002,0,mKate,16.66666667,70.87469534,20.25111903
Homogenous_onsite,0.00002,0.0015625,GFP,16.66666667,41998.9516,11754.16487
Homogenous_onsite,0.00002,0.0015625,mKate,16.66666667,72.77564733,22.62392638
Homogenous_onsite,0.00002,0.00625,GFP,16.66666667,32695.8323,5898.611598
Homogenous_onsite,0.00002,0.00625,mKate,16.66666667,78.70219091,20.39831415
Homogenous_onsite,0.00002,0.025,GFP,16.66666667,17470.55435,1591.999148
Homogenous_onsite,0.00002,0.025,mKate,16.66666667,167.0257191,93.75337908
Homogenous_onsite,0.00002,0.1,GFP,16.66666667,10620.45412,554.8284889
Homogenous_onsite,0.00002,0.1,mKate,16.66666667,772.7284312,656.5650495
Homogenous_onsite,0.00002,10,GFP,16.66666667,8824.372865,2985.522933
Homogenous_onsite,0.00002,10,mKate,16.66666667,2207.107036,2168.11496
Homogenous_onsite,0.0002,0,GFP,16.66666667,112772.3479,11062.61154
Homogenous_onsite,0.0002,0,mKate,16.66666667,93.63875865,27.83523158
Homogenous_onsite,0.0002,0.0015625,GFP,16.66666667,112141.5351,13451.68451
Homogenous_onsite,0.0002,0.0015625,mKate,16.66666667,80.52555285,27.86082765
Homogenous_onsite,0.0002,0.00625,GFP,16.66666667,103160.6732,14638.66567
Homogenous_onsite,0.0002,0.00625,mKate,16.66666667,92.90134628,30.39514047
Homogenous_onsite,0.0002,0.025,GFP,16.66666667,67029.92835,17637.97401
Homogenous_onsite,0.0002,0.025,mKate,16.66666667,183.0177013,106.4907592
Homogenous_onsite,0.0002,0.1,GFP,16.66666667,22881.9639,7408.128826
Homogenous_onsite,0.0002,0.1,mKate,16.66666667,846.9774726,714.6675816
Homogenous_onsite,0.0002,10,GFP,16.66666667,9455.429502,3325.883893
Homogenous_onsite,0.0002,10,mKate,16.66666667,2176.163178,2210.672409
Homogenous_onsite,0.002,0,GFP,16.66666667,129216.943,16354.00916
Homogenous_onsite,0.002,0,mKate,16.66666667,72.1663205,24.50083937
Homogenous_onsite,0.002,0.0015625,GFP,16.66666667,124959.9356,11312.99636
Homogenous_onsite,0.002,0.0015625,mKate,16.66666667,68.94885949,17.05181745
Homogenous_onsite,0.002,0.00625,GFP,16.66666667,121150.3174,6836.493627
Homogenous_onsite,0.002,0.00625,mKate,16.66666667,78.35130395,27.91939998
Homogenous_onsite,0.002,0.025,GFP,16.66666667,87433.97823,7329.155843
Homogenous_onsite,0.002,0.025,mKate,16.66666667,178.2505144,98.84884275
Homogenous_onsite,0.002,0.1,GFP,16.66666667,36313.96207,8591.488846
Homogenous_onsite,0.002,0.1,mKate,16.66666667,790.6237237,726.9707209
Homogenous_onsite,0.002,10,GFP,16.66666667,8992.945382,2163.401269
Homogenous_onsite,0.002,10,mKate,16.66666667,2471.873257,2257.660029
Homogenous_onsite,0.02,0,GFP,16.66666667,134213.3222,21202.05178
Homogenous_onsite,0.02,0,mKate,16.66666667,82.36356513,34.54570861
Homogenous_onsite,0.02,0.0015625,GFP,16.66666667,134835.174,22493.17451
Homogenous_onsite,0.02,0.0015625,mKate,16.66666667,71.42213738,30.72345226
Homogenous_onsite,0.02,0.00625,GFP,16.66666667,129998.6382,14962.61552
Homogenous_onsite,0.02,0.00625,mKate,16.66666667,85.56101524,29.0589348
Homogenous_onsite,0.02,0.025,GFP,16.66666667,98020.24908,1315.026757
Homogenous_onsite,0.02,0.025,mKate,16.66666667,186.0909485,115.2619708
Homogenous_onsite,0.02,0.1,GFP,16.66666667,35525.07624,5255.467866
Homogenous_onsite,0.02,0.1,mKate,16.66666667,991.9854325,897.9546338
Homogenous_onsite,0.02,10,GFP,16.66666667,9866.408796,2003.25256
Homogenous_onsite,0.02,10,mKate,16.66666667,2635.805388,2478.897665
Homogenous_onsite,0.2,0,GFP,16.66666667,153841.087,31237.0397
Homogenous_onsite,0.2,0,mKate,16.66666667,94.26944955,46.02841467
Homogenous_onsite,0.2,0.0015625,GFP,16.66666667,153002.1944,24681.99856
Homogenous_onsite,0.2,0.0015625,mKate,16.66666667,95.35207343,43.3757495
Homogenous_onsite,0.2,0.00625,GFP,16.66666667,147441.021,21387.70054
Homogenous_onsite,0.2,0.00625,mKate,16.66666667,107.0131745,55.05776602
Homogenous_onsite,0.2,0.025,GFP,16.66666667,106982.2185,9954.923367
Homogenous_onsite,0.2,0.025,mKate,16.66666667,267.672704,175.7138011
Homogenous_onsite,0.2,0.1,GFP,16.66666667,38105.14549,4785.787839
Homogenous_onsite,0.2,0.1,mKate,16.66666667,1247.888327,1246.511089
Homogenous_onsite,0.2,10,GFP,16.66666667,10709.22595,2331.309764
Homogenous_onsite,0.2,10,mKate,16.66666667,2793.675791,2899.721808